1,Model name
2,Toyota Prius Mk4
3,Lexus IS Mk3
4,Alfa Romeo Giulia Mk1
5,Kia Sorento Mk3
6,Lexus RX Mk4
7,Skoda Kodiaq Mk1
8,Peugeot 3008 Mk2
9,Hyundai Ioniq Mk1
10,Lexus GS Mk4
11,Kia Niro Mk1
12,Mazda 6 Mk3
13,Subaru Outback Mk3
14,Kia Sportage Mk4
15,Mazda CX-5 Mk2
16,Skoda Karoq Mk1
17,Volvo XC60 Mk2
18,SEAT Arona Mk1
19,Nissan LEAF Mk2
20,Toyota C-HR Mk1
21,Kia Stonic Mk1
22,Kia Rio Mk4
23,Mazda MX-5 Mk4
24,Honda CR-V Mk4
25,Skoda Superb Mk3
26,Kia Cee'd Mk2
27,Lexus NX Mk1
28,Nissan Juke Mk1
29,Skoda Octavia Mk3
30,Kia Picanto Mk3
31,Subaru Forester Mk4
32,Lexus RC Mk1
33,Lexus CT Mk1
34,Peugeot 2008 Mk1
35,Toyota Auris Mk2
36,Honda Civic Mk10
37,BMW 5 Series Mk7
38,Audi Q5 Mk2
39,Toyota RAV4 Mk4
40,Mazda 2 Mk3
41,Jaguar F-Pace Mk1
42,Volkswagen Golf Mk7
43,Jaguar XF Mk2
44,Mazda 3 Mk3
45,Ford Kuga Mk2
46,Renault ZOE Mk1
47,Suzuki Vitara Mk2
48,Citroën C4 Picasso Mk2
49,Volkswagen Tiguan Mk2
50,Nissan Qashqai Mk2
51,Peugeot 308 Mk2
52,Subaru XV Mk2
53,SEAT Leon Mk3
54,Hyundai Tucson Mk2
55,Volkswagen Passat Mk8
56,Renault Kadjar Mk1
57,BMW X1 Mk2
58,Citroën C3 Aircross Mk1
59,Fiat 500 Mk1
60,Toyota Yaris Mk3
61,SEAT Ateca Mk1
62,Mercedes-Benz GLC Mk1
63,Honda Jazz Mk3
64,Nissan Micra Mk5
65,Skoda Fabia Mk3
66,Volvo V40 Mk2
67,MG ZS Mk1
68,Fiat Panda Mk3
69,Citroën C1 Mk2
70,Audi A3 Mk3
71,Audi A5 Mk2
72,Jaguar XE Mk1
73,Dacia Duster MK2
74,Audi A4 Mk5
75,Mercedes-Benz C-Class Mk4
76,Vauxhall Astra Mk7
