1,A/C CLUTCH,16.99 EUR
2,A/C SINGLE LINE,10.99 EUR
3,A/C DUAL+ LINE,15.99 EUR
4,A/C COMPRESSOR,30.99 EUR
5,A/C CONDENSER,29.99 EUR
6,A/C EVAPORATOR,25.99 EUR
7,A/C SUITCASE HOUSING,13.99 EUR
8,ACCUMULATOR/DRYER,11.99 EUR
9,AIR CLEANER COMPLETE,24.99 EUR
10,AIR BAG (EACH),34.99 EUR
11,AIR CLEANER HOUSING,15.99 EUR
12,AIR CLEANER LID,6.99 EUR
13,AIR FILTER--ENGINE,1.99 EUR
14,AIR FLOW METER,24.99 EUR
15,AIR RIDE-- AIR BAG,29.99 EUR
16,AIR RIDE PUMP,23.99 EUR
17,ALTERNATOR,22.99 EUR
18,ANTENNA/MANUAL,3.99 EUR
19,ANTENNA/POWER,15.99 EUR
20,ARM REST,6.99 EUR
21,ASH TRAY,4.99 EUR
22,AXLE 6-8 LUG,43.99 EUR
23,AXLE SHAFT,30.99 EUR
24,BACK GLASS- AS IS,22.99 EUR
25,BALL JOINTS,6.99 EUR
26,BATTERY (USED),31.99 EUR
27,BATTERY BOX,6.99 EUR
28,BATTERY HOLD DOWNS,2.99 EUR
29,BEARING (ANY),4.99 EUR
30,BEAUTY RINGS,4.99 EUR
31,BED LINER,38.99 EUR
32,BELLHOUSING ALUMINUM,27.99 EUR
33,BELT TENSIONER,14.99 EUR
34,BENCH SEAT,29.99 EUR
35,BODY MOUNTS,4.99 EUR
36,BRAKE CALIPER BRACKET,9.99 EUR
37,BRAKE BACKNG PLATE,12.99 EUR
38,BRAKE ABS CONTROLLER,56.99 EUR
39,BRAKE CALIPER,14.99 EUR
40,BRAKE DRUM,10.99 EUR
41,BRAKE FLUID RESERVOIR,11.99 EUR
42,BRAKE MASTER CYLINDER,15.99 EUR
43,BRAKE POWER/HYDRO BOOSTER,29.99 EUR
44,BRAKE PROPORTIONING VALVE (CAR),10.99 EUR
45,BRAKE ROTOR (NO HUB),10.99 EUR
46,BRAKE ROTOR W/HUB,16.99 EUR
47,BRAKE SHOE/PAD (EACH),0.99 EUR
48,BRAKE--WHEEL CYLINDER,3.99 EUR
49,BRK MASTER CYL & BOOSTER,64.99 EUR
50,BRK MASTR CYL RESERVIOR,9.99 EUR
51,BUCKET SEAT,27.99 EUR
52,BUG GUARD,7.99 EUR
53,BULBS (AS IS),0.50 EUR
54,BUMPER (BARE) PLASTIC,44.99 EUR
55,BUMPER (BARE) STEEL,49.99 EUR
56,BUMPER FILLER,10.99 EUR
57,BUMPER GUARD,9.99 EUR
58,BUMPER PUSH BAR,20.99 EUR
59,BUMPER REINFORCEMENT,20.99 EUR
60,BUMPER SHOCK,6.99 EUR
61,BUMPR CORNER/END PIECE,13.99 EUR
62,BUSHINGS,1.99 EUR
63,CAB ONLY BARE,226.99 EUR
64,CABIN AIR FILTER,7.50 EUR
65,CABLE (ANY),10.99 EUR
66,CAM SHAFT,19.99 EUR
67,CAMPER SHELL,46.00 EUR
68,CARBURETOR,35.99 EUR
69,CARPET--INTERIOR,20.99 EUR
70,CARPET---TRUNK,10.99 EUR
71,CARRIER BEARING,9.99 EUR
72,CARRIER HOUSING,20.99 EUR
73,CD PLAYER,20.99 EUR
74,CENTER CAPS - PLASTIC,10.00 EUR
75,CENTER CAPS - STAINLESS,16.00 EUR
76,CHARCOAL CANISTER,11.99 EUR
77,CIGARETTE LIGHTER,2.99 EUR
78,CLOCK,11.99 EUR
79,CLUTCH DISC,10.99 EUR
80,CLUTCH FORK,10.99 EUR
81,CLUTCH MASTER CYLINDER,10.99 EUR
82,COIL,9.99 EUR
83,COIL PAK COMBO,38.99 EUR
84,COIL SPRING,13.99 EUR
85,COIL W/ IGNITOR,15.99 EUR
86,COMPUTER BRAIN BOX,35.99 EUR
87,CONSOLE (ANY),17.99 EUR
88,CONSOLE LID,5.99 EUR
89,CONTROL ARM,25.99 EUR
90,CONTROL MODULE,21.99 EUR
91,CONVERTIBLE TOP,35.99 EUR
92,CRANKSHAFT,49.99 EUR
93,CRUISE CONTROL MODULE,18.99 EUR
94,CUP HOLDER,2.99 EUR
95,C-V FRONT WHEEL DRIVE AXLE,26.99 EUR
96,DASH BARE (EMPTY),40.99 EUR
97,DASH PAD--TOP,16.99 EUR
98,DIPSTICK/TUBE,2.99 EUR
99,DISTRIBUTOR,30.99 EUR
100,DISTRIBUTOR CAP/NO MODULE,5.99 EUR
